page,clicks,impressions,ctr,position
https://www.phonerepairspares.com/blog/iphone-boot-loop-after-screen-replacement-causes,90,8602,0.010462683096954197,7.3999069983724715
https://www.phonerepairspares.com/blog/samsung-s23-s24-screen-replacement-guide,37,4201,0.008807426803142109,7.307545822423233
https://www.phonerepairspares.com/blog/which-iphone-14-pro-max-screen-replacement-option-delivers-the-best-value-for-your-repair-business,29,2921,0.009928106812735364,8.191372817528244
https://www.phonerepairspares.com/,22,356,0.06179775280898876,11.23314606741573
https://www.phonerepairspares.com/blog/is-your-iphone-14-pro-max-back-glass-worth-fixing-the-complete-cost-benefit-guide-for-repair-shop-owners,22,5857,0.00375618917534574,7.747993853508622
https://www.phonerepairspares.com/blog/iphone-11-screen-replacement-worth-it-2026,15,4008,0.0037425149700598802,5.871506986027944
https://www.phonerepairspares.com/blog/how-phone-screens-are-made-lcd-oled,10,711,0.014064697609001406,12.177215189873417
https://www.phonerepairspares.com/blog/iphone-display-ic-fault-diagnosis-real-time-method,10,1980,0.005050505050505051,9.438383838383839
https://www.phonerepairspares.com/products,9,640,0.0140625,14.74375
https://www.phonerepairspares.com/blog/lcd-vs-oled-hard-soft-oled-repair-shops,7,1716,0.004079254079254079,8.694638694638694
https://www.phonerepairspares.com/about,6,600,0.01,12.661666666666667
https://www.phonerepairspares.com/contact,5,299,0.016722408026755852,26.471571906354516
https://www.phonerepairspares.com/products/iphone-rear-camera-wholesale,5,323,0.015479876160990712,11.1671826625387
https://www.phonerepairspares.com/blog/incell-vs-hard-oled-vs-soft-oled-which-screen-to-order,4,583,0.00686106346483705,8.120068610634648
https://www.phonerepairspares.com/blog/back-glass-replacement-iphone-guide,3,991,0.0030272452068617556,8.094853683148335
https://www.phonerepairspares.com/blog,2,1307,0.001530221882172915,13.415455241009946
https://www.phonerepairspares.com/blog/how-do-you-choose-high-quality-screen-replacement-parts-for-your-phone,2,2201,0.0009086778736937755,8.203543843707406
https://www.phonerepairspares.com/blog/iphone-14-screen-replacement-design-fix,2,156,0.01282051282051282,8.108974358974358
https://www.phonerepairspares.com/blog/phone-parts-grading-explained-grade-a-meaning,2,34,0.058823529411764705,6.882352941176471
https://www.phonerepairspares.com/products/ipad-battery-replacement-factory,2,819,0.002442002442002442,12.706959706959706
https://www.phonerepairspares.com/blog/iphone-charging-port-replacement-cost-uk,1,469,0.0021321961620469083,8.121535181236673
https://www.phonerepairspares.com/blog/lcd-refurbishing-beginner-mistakes-and-tools,1,11,0.09090909090909091,13
https://www.phonerepairspares.com/blog/samsung-galaxy-z-flip-fold-inner-screen-replacement-guide,1,122,0.00819672131147541,11.12295081967213
https://www.phonerepairspares.com/products/repair-tools,1,150,0.006666666666666667,15.22
https://www.phonerepairspares.com/products/screens,1,102,0.00980392156862745,23.901960784313726
https://www.phonerepairspares.com/products/screens/gx,1,27,0.037037037037037035,5.222222222222222
https://phonerepairspares.com/,0,1,0,8
https://www.phonerepairspares.com/_next/image?url=%2Fhero%2Fproducts-tablet-watch.jpg&w=3840&q=75,0,2,0,7
https://www.phonerepairspares.com/blog/2026-06-01-cell-phone-parts-wholesale,0,12,0,9.083333333333334
https://www.phonerepairspares.com/blog/air-freight-vs-sea-freight-phone-parts,0,2,0,4.5
https://www.phonerepairspares.com/blog/battery-reset-scams-how-wholesale-buyers-check-if-a-battery-is-really-new,0,12,0,12
https://www.phonerepairspares.com/blog/category/business-tips,0,1,0,3
https://www.phonerepairspares.com/blog/category/parts-knowledge,0,34,0,3.9411764705882355
https://www.phonerepairspares.com/blog/combine-batteries-charging-ports-small-parts-one-repair-order,0,9,0,4
https://www.phonerepairspares.com/blog/doa-parts-policy-repair-shop-checklist,0,10,0,4.7
https://www.phonerepairspares.com/blog/how-new-repair-shops-build-a-starter-inventory-without-overstocking,0,6,0,8
https://www.phonerepairspares.com/blog/how-phone-screens-are-made-lcd-oled#flexible-screen-manufacturing-breakthrough,0,9,0,7.777777777777778
https://www.phonerepairspares.com/blog/how-phone-screens-are-made-lcd-oled#lcd-liquid-crystal-screen-manufacturing-process,0,13,0,8
https://www.phonerepairspares.com/blog/how-phone-screens-are-made-lcd-oled#oled-organic-light-emitting-screen-manufacturing,0,13,0,8
https://www.phonerepairspares.com/blog/how-small-repair-shops-buy-phone-parts-mixed-orders,0,8,0,5.125
https://www.phonerepairspares.com/blog/how-to-verify-original-phone-screens-without-trusting-supplier-labels,0,60,0,7.6
https://www.phonerepairspares.com/blog/incell-soft-oled-hard-oled-cost-comparison-repair-shops,0,36,0,6.916666666666667
https://www.phonerepairspares.com/blog/iphone-13-screen-replacement,0,126,0,9.468253968253968
https://www.phonerepairspares.com/blog/iphone-14-screen-grade-repair-shops,0,65,0,8.892307692307693
https://www.phonerepairspares.com/blog/iphone-15-battery-replacement-no-battery-boot-guide,0,3,0,8.666666666666668
https://www.phonerepairspares.com/blog/iphone-15-screen-replacement,0,61,0,9.098360655737705
https://www.phonerepairspares.com/blog/iphone-15-screen-replacement-cost-repair-shops,0,87,0,8.298850574712644
https://www.phonerepairspares.com/blog/iphone-16-screen-replacement,0,11,0,6.2727272727272725
https://www.phonerepairspares.com/blog/iphone-battery-wholesale-sourcing-guide-shenzhen,0,29,0,6.344827586206897
https://www.phonerepairspares.com/blog/is-this-iphone-battery-safe-to-reuse-test-guide,0,4,0,7
https://www.phonerepairspares.com/blog/oem-vs-aftermarket-phone-screens,0,29,0,7.448275862068965
https://www.phonerepairspares.com/blog/phone-battery-replacement-safety-standards,0,54,0,8.907407407407408
https://www.phonerepairspares.com/blog/phone-parts-supplier-delays,0,12,0,6.5
https://www.phonerepairspares.com/blog/phone-screen-wholesale-oem-vs-aftermarket,0,14,0,13.428571428571429
https://www.phonerepairspares.com/blog/repair-shop-customer-dispute-script-2026,0,17,0,8.941176470588236
https://www.phonerepairspares.com/blog/samsung-a-series-charging-port-failure-after-replacement,0,34,0,7.294117647058823
https://www.phonerepairspares.com/blog/samsung-a-series-repair-parts-stock-guide,0,28,0,3.9285714285714284
https://www.phonerepairspares.com/blog/small-repair-parts-quality-guide,0,14,0,4.214285714285714
https://www.phonerepairspares.com/blog/trustworthy-wholesale-phone-parts-suppliers-qc,0,3,0,12.333333333333334
https://www.phonerepairspares.com/blog/wholesale-samsung-screens-guide,0,11,0,3.4545454545454546
https://www.phonerepairspares.com/id/wholesale,0,2,0,2.5
https://www.phonerepairspares.com/privacy-policy,0,27,0,5.148148148148148
https://www.phonerepairspares.com/products/batteries,0,214,0,23.50467289719626
https://www.phonerepairspares.com/products/iphone-12-rear-camera,0,2,0,7.5
https://www.phonerepairspares.com/products/small-parts,0,5,0,1.2
https://www.phonerepairspares.com/products/tablet-watch,0,39,0,10.923076923076923
https://www.phonerepairspares.com/wholesale-inquiry,0,108,0,14.657407407407407
