query,clicks,impressions,ctr,position
prspares,17,22,0.7727272727272727,1
s23 screen replacement cost,3,104,0.028846153846153848,5.6826923076923075
iphone stuck on apple logo after screen replacement,2,6,0.3333333333333333,7
back of iphone 14 cracked repair cost,1,1,1,1
best iphone 14 pro max screen replacement,1,15,0.06666666666666667,7.2
cell phone parts wholesale,1,1,1,3
comprar pantalla iphone 11,1,1,1,2
cost to replace iphone 11 screen,1,15,0.06666666666666667,16.933333333333334
cuanto cuesta la original?,1,1,1,13
hard oled vs soft oled vs incell,1,21,0.047619047619047616,8.80952380952381
how much is iphone 11 panel,1,1,1,1
how much is to fix the back of an iphone 14 pro max,1,1,1,1
how much to change iphone 11 screen,1,4,0.25,1
incell vs oled,1,22,0.045454545454545456,14.681818181818182
iphone 11 screen replacement cost 2026,1,14,0.07142857142857142,9.428571428571429
iphone 14 pro max back glass replacement,1,41,0.024390243902439025,15.414634146341463
iphone 14 pro max back price,1,1,1,1
iphone 14 pro max rear glass replacement cost,1,1,1,1
iphone boot loop repair cost,1,174,0.005747126436781609,7.241379310344827
iphone keeps restarting after screen replacement,1,49,0.02040816326530612,6.163265306122449
iphone keeps turning off after screen replacement,1,18,0.05555555555555555,4.944444444444445
phone keeps turning off after screen replacement,1,15,0.06666666666666667,6.866666666666666
s23 plus screen replacement cost,1,8,0.125,6.5
samsung galaxy s23 ultra screen replacement cost,1,36,0.027777777777777776,9.36111111111111
samsung s23 new screen cost,1,5,0.2,7.4
samsung s23 original display price in service center,1,6,0.16666666666666666,2.333333333333333
screen replacement for samsung galaxy s23 ultra,1,1,1,1
what could be the issue,1,1,1,3
yes,1,8,0.125,4.375
yes no no,1,1,1,6
стоимость замены экрана айфон 11,1,1,1,2
"""initial cost"" ""replacement battery"" apple 1992",0,1,0,3
"""initial cost"" ""replacement battery"" apple trivia",0,1,0,6
"""initial cost"" ""replacement battery"" apple trivia question",0,1,0,5
"""iphone 14 pro max - technical specifications""",0,3,0,9.333333333333334
"""iphone 14 pro"" ""rear system replacement"" apple",0,3,0,3
"""iphone 14 pro"" ""rear system"" apple",0,16,0,5.875
"""iphone 14 pro"" ""rear system"" apple repair",0,16,0,6.5625
"""iphone 14 pro"" ""rear system"" apple service",0,10,0,7.5
"""iphone 14 pro"" ""rear system"" repair",0,5,0,5.6
"""iphone 14 pro"" ""rear system"" repair apple",0,4,0,5
"""rear system"" ""iphone 14 pro"" apple",0,4,0,6.5
"""rear system"" ""iphone 14 pro"" apple repair",0,1,0,7
"""rear system"" ""iphone 14 pro"" apple service",0,4,0,7
"+86 whatsapp ""phone"" ""watch"" ""whatsapp"" ""supplier""",0,1,0,33
1,0,1,0,5
11,0,10,0,4
11 pro max,0,1,0,1
11 pro max screen repair,0,1,0,3
11 pro max screen replacement,0,1,0,3
11tr,0,1,0,3
11برو,0,1,0,5
12,0,1,0,4
14,0,1,0,5
14 max pro,0,1,0,2
14 pm,0,1,0,4
14 pro,0,4,0,5
14 pro back glass replacement,0,10,0,17.9
14 pro back panel,0,1,0,2
14 pro max,0,16,0,5.5625
14 pro max back,0,1,0,27
14 pro max back glass price,0,1,0,13
14 pro max back glass repair,0,4,0,29.75
14 pro max back glass replacement,0,2,0,16.5
14 pro max back glass replacement cost,0,1,0,1
14 pro max back glass replacement price,0,1,0,10
14 pro max back replacement,0,1,0,1
14 pro max screen,0,2,0,23
14 pro max screen repair,0,1,0,5
14 pro max screen replacement,0,1,0,5
14 pro max screen replacement cost,0,7,0,41.57142857142857
14 pro screen replacement cost,0,4,0,42.25
14 promax,0,2,0,7
14 про,0,1,0,1
14 про макс,0,1,0,2
14prm,0,3,0,3.6666666666666665
14pro max,0,1,0,2
14promax,0,3,0,6
15 pro,0,1,0,1
23,0,2,0,7
3 is right,0,1,0,6
3rd party,0,1,0,9
3utools diagnostics,0,3,0,9.666666666666666
3utools iphone diagnostics,0,4,0,9.75
3utools realtime screen,0,3,0,8.333333333333332
65000 cfa,0,1,0,1
?,0,1,0,2
a manufacturer of cell phone screens,0,1,0,18
a1584 battery replacement,0,1,0,35
a2757 battery,0,1,0,11
affordable phone screen repair near me,0,1,0,4
after 3 years,0,1,0,12
after screen replacement,0,1,0,1
aftermarket screen,0,1,0,4
an iphone 11,0,1,0,5
an iphone 16 pro max,0,1,0,10
and how much would that be,0,1,0,4
any other cheaper options,0,1,0,7
apple 14 back glass price,0,1,0,10
apple 14 back glass replacement cost,0,1,0,3
apple 14 pro back glass replacement cost,0,6,0,18.5
apple 14 pro max back glass price,0,1,0,8
apple back glass replacement,0,2,0,2.5
apple back screen,0,1,0,4
apple broken screen repair,0,1,0,2
apple fix back glass,0,1,0,2
apple fix my screen,0,1,0,3
apple fix phone screen,0,1,0,4
apple fix screen,0,2,0,4.5
apple ipad pro battery replacement cost 2026,0,1,0,11
apple iphone 11 display,0,1,0,6
apple iphone 11 screen repair cost apple 2026,0,1,0,8
apple iphone 11 screen repair price apple 2026,0,9,0,6.777777777777778
apple iphone 11 screen repair price apple us 2026,0,1,0,7
apple iphone 11 screen replacement,0,1,0,21
apple iphone 11 screen replacement cost,0,2,0,15.5
apple iphone 13 pro back glass repair cost united states 2026,0,1,0,9
apple iphone 14 back glass replacement,0,3,0,23.333333333333332
apple iphone 14 pro back glass repair apple replaces rear system housing assembly,0,1,0,8
apple iphone 14 pro back glass replacement,0,1,0,17
apple iphone 14 pro max back glass replacement,0,2,0,22.5
apple iphone 14 pro max back glass replacement cost,0,3,0,4.333333333333334
apple iphone 14 pro max rear system repair cost turkey,0,1,0,7
apple iphone 14 pro max screen replacement cost,0,2,0,45.5
apple iphone 14 pro rear system replacement back glass,0,1,0,13
apple iphone 14 pro screen replacement cost,0,1,0,43
apple iphone 16 screen replacement,0,1,0,2
apple iphone back glass repair,0,3,0,3
apple iphone back glass repair cost 2026,0,2,0,9
apple iphone display replacement,0,1,0,2
apple iphone fix screen,0,1,0,3
apple iphone reboot loop device,0,2,0,19.5
apple iphone repair,0,1,0,3
apple iphone screen repair,0,5,0,3.2
apple iphone screen repair near me,0,1,0,3
apple iphone screen replacement,0,4,0,2.75
apple iphone screen replacement cost 2026,0,3,0,16.666666666666664
apple iphone screen replacement cost by model 2026,0,2,0,7.5
apple iphone screen replacement prices 2026,0,1,0,9
apple oem display,0,1,0,2
apple oem screen,0,1,0,2
apple phone screen repair,0,8,0,2.875
apple phone screen repair near me,0,1,0,2
apple price,0,1,0,3
apple repair back glass,0,1,0,2
apple repair cracked screen,0,1,0,3
apple replace back glass,0,1,0,2
apple replace screen cost,0,1,0,2
apple replacement screen,0,1,0,2
apple replacement screen cost,0,1,0,2
apple screen repair,0,4,0,2.75
apple screen repair price,0,1,0,2
apple screen replacement,0,12,0,2.333333333333333
apple screen replacement cost,0,1,0,1
apple service guide iphone 14 pro rear system replacement back glass,0,1,0,6
apple store iphone screen replacement,0,1,0,2
apple store new screen,0,1,0,2
apple store screen repair,0,1,0,2
apple store screen replacement,0,1,0,2
apple support screen repair,0,1,0,2
arbilato,0,1,0,39
are phone screens lcd,0,2,0,10
are phone screens made of glass,0,1,0,20
are phone screens oled,0,2,0,19.5
are phones oled,0,1,0,26
are these replacement screens new or taken from other phones?,0,1,0,7
are these screens new or taken from other phones?,0,2,0,17.5
are these zte screens original oem parts or third-party replacements?,0,3,0,8
asta?,0,1,0,4
at&t iphone 14 pro,0,1,0,15
average cost to replace phone screen 2026,0,1,0,20
az fasza,0,1,0,4
back,0,1,0,6
back glass,0,1,0,10
back glass for iphone 14 pro max,0,1,0,19
back glass iphone repair,0,2,0,2.5
back glass repair,0,2,0,8
back glass repair cost,0,1,0,11
back glass repair iphone 14 pro,0,2,0,27
back glass repair iphone 14 pro max,0,1,0,1
back glass replacement iphone,0,20,0,12.8
back glass replacement iphone 14,0,2,0,25.5
back glass replacement iphone 14 pro max,0,17,0,19.352941176470587
back iphone glass repair,0,1,0,2
back of iphone 14 pro max,0,4,0,29.75
back of iphone 14 pro max cracked repair cost,0,2,0,1
back of iphone cracked,0,3,0,2.666666666666667
back of iphone cracked repair cost,0,6,0,2.5
back of iphone cracked repair cost near me,0,1,0,3
back of iphone is cracked,0,1,0,3
back of iphone repair near me,0,1,0,2
back of my iphone is cracked,0,1,0,2
back of my iphone shattered,0,1,0,2
back of my phone is cracked,0,1,0,3
back of phone glass repair,0,1,0,3
back of phone screen repair,0,1,0,2
back phone repair cost,0,1,0,2
back screen repair,0,1,0,2
back screen replacement iphone,0,1,0,3
back screen replacement iphone 14 pro max,0,1,0,3
backglass iphone repair,0,4,0,3
base,0,1,0,10
base 23,0,2,0,8
baterie gsm,0,1,0,32
batteries for ipad,0,1,0,18
best aftermarket iphone screen,0,1,0,1
best buy fix iphone,0,1,0,5
best buy phone screen repair,0,1,0,2
best iphone 11 screen replacement,0,4,0,19
best iphone screen repair near me,0,1,0,3
best iphone screen replacement brand,0,1,0,59
best iphone screen replacement options 2026,0,1,0,8
best place for iphone screen repair,0,1,0,2
best place to fix iphone screen,0,1,0,2
best quality glass for iphone 14 pro max,0,4,0,30.25
best replacement iphone screen,0,1,0,28
best screen for iphone 14 pro max,0,10,0,6.3
best screen replacement for iphone 14 pro max,0,5,0,7
black,0,1,0,5
bole,0,1,0,6
boot loop iphone,0,1,0,5
brand apa,0,1,0,6
broken back glass iphone,0,1,0,3
broken iphone screen,0,4,0,3
broken phone screen repair near me,0,1,0,2
broken screen iphone,0,1,0,2
bu çok pahalı,0,1,0,4
budget friendly,0,1,0,10
budget oled,0,1,0,4
buy ipad battery,0,1,0,22
calidad oled,0,1,0,4
cambiar tapa trasera iphone 14 pro max,0,1,0,2
camera module iphone,0,1,0,16
can a cracked back of iphone be fixed,0,4,0,2.25
can a cracked iphone back be fixed,0,2,0,2
can apple replace my screen,0,1,0,3
can apple store replace screen,0,1,0,3
can i change my iphone screen,0,1,0,2
can i get the back of my iphone fixed,0,3,0,3
can i get the back of my iphone replaced,0,3,0,3
can i replace my apple watch screen,0,1,0,2
can i trade in my iphone with a cracked back,0,1,0,4
can the back of my iphone be replaced,0,1,0,3
can you fix broken iphone screen,0,1,0,2
can you fix cracked screen on phone,0,1,0,2
can you fix the back of an iphone,0,2,0,2
can you get the back glass replaced on an iphone,0,1,0,3
can you get the back of your phone fixed,0,1,0,2
can you replace back of iphone,0,1,0,2
can you replace iphone screen,0,1,0,2
